district,pm25,population,pm25_per_1000
Central,42.0,120000,0.35
North,35.0,90000,0.3888888888888889
East,50.0,150000,0.3333333333333333
South,28.0,80000,0.35
East,52.0,150000,0.3466666666666667
